{
  "project_info": {
    "project_number": "216899914411",
    "project_id": "collabo-34044",
    "storage_bucket": "collabo-34044.appspot.com"
  },
  "client": [
    {
      "client_info": {
        "mobilesdk_app_id": "1:216899914411:android:c437aea8842cc1f69805ee",
        "android_client_info": {
          "package_name": "com.example.collabo"
        }
      },
      "oauth_client": [
        {
          "client_id": "216899914411-553uacbthh3tqri06m3s4iq52gu5fv7b.apps.googleusercontent.com",
          "client_type": 3
        }
      ],
      "api_key": [
        {
          "current_key": "AIzaSyC1x59K5HPpB4GoCHkBtzldTkudfN02e9A"
        }
      ],
      "services": {
        "appinvite_service": {
          "other_platform_oauth_client": [
            {
              "client_id": "216899914411-553uacbthh3tqri06m3s4iq52gu5fv7b.apps.googleusercontent.com",
              "client_type": 3
            }
          ]
        }
      }
    }
  ],
  "configuration_version": "1"
}